CustomerID,response,n_comp,loyalty,portal,rewards,nps,n_yrs,,,,,,,
18263,1,2,0,1,0,7,8, ,,,,,,
50429,0,1,1,1,1,3,3, ,Campaign was run for SKU in brand 1,,,,,
98593,1,0,1,0,0,9,6, ,response,Whether responded to campaign(Yes=1),,,,
44804,0,4,1,1,1,2,5, ,n_comp,number of complaints in last 3 months,,,,
81015,0,4,1,1,1,2,2, ,loyalty,member of loyalty program(Yes=1),,,,
15273,1,2,1,1,1,5,7,,portal,active on web portal(Yes=1),,,,
51484,1,1,0,0,0,6,6,,rewards,Redeemed reward points last month)Yes=1),,,,
87695,0,3,0,1,0,8,3,,nps,Net Promoter Score,,,,
33906,0,3,1,0,1,2,3,,n_yrs,number pf years in business with the company,,,,
70117,0,5,1,1,1,8,6,,annual sales,,,,,
73807,0,4,1,1,1,0,8,,last quarter sales,,,,,
47262,1,4,1,1,1,4,2,,sales in brand 1,,,,,
99997,1,5,1,0,1,2,8,,% contribution in brand 1,,,brand1 saLES,TOTAL SALES,
68708,0,3,1,0,1,7,3,,recent growth,,,,,
14919,1,2,0,1,0,1,3,,growth in brand 1,,,,,
25114,0,5,0,1,0,6,7,,buying frequency,,,how many transactions have the customer done,,number of times 10000 is coming
87341,1,2,0,0,0,3,9,,buying frequency of brand 1,,,,,
90856,0,4,0,1,0,5,3,,brand engagement,,,"Count unique brands per respondent. For example for 10000, the number of unique brands is 5",,
78374,1,2,1,0,1,5,5,,region,,,,,
24585,1,2,1,1,1,7,4,,value decile,,,,,
60796,0,4,0,0,0,4,6,,value decile for brand 1,,,,,
97007,0,4,1,1,0,4,7,,,,,,,
17202,1,2,1,0,0,8,4,,,,,,,
53413,0,0,0,0,0,3,3,,,,,,,
82945,0,2,1,1,1,2,2,,,,,,,
29156,1,3,1,1,1,4,7,,,,,,,
53413,1,2,0,0,0,7,8,,,,,,,
89624,1,4,0,0,0,2,6,,,,,,,
18432,0,1,1,0,1,2,6,,,,,,,
36010,0,3,1,1,1,3,5,,,,,,,
72221,1,3,0,0,0,7,6,,,,,,,
18432,1,3,1,0,1,1,6,,,,,,,
99994,1,1,1,0,1,4,2,,,,,,,
20189,0,2,1,1,1,5,8,,,,,,,
56400,1,3,1,0,1,10,4,,,,,,,
92611,0,2,0,0,0,5,3,,,,,,,
20189,0,1,0,0,0,5,7,,,,,,,
11752,0,0,0,1,0,3,4,,,,,,,
66596,0,1,0,0,0,4,2,,,,,,,
21418,0,3,1,0,1,1,3,,,,,,,
50950,0,4,0,0,0,6,6,,,,,,,
93840,1,2,1,0,1,10,9,,,,,,,
21418,1,0,0,1,0,3,4,,,,,,,
12981,1,3,0,1,0,10,4,,,,,,,
61145,1,0,0,0,0,2,6,,,,,,,
14036,0,4,0,1,0,0,3,,,,,,,
76262,1,4,0,0,0,3,6,,,,,,,
41106,0,4,0,0,0,2,5,,,,,,,
77317,0,0,1,1,1,7,5,,,,,,,
13507,0,3,0,0,0,1,4,,,,,,,
61671,0,3,1,0,1,7,9,,,,,,,
14562,0,1,1,1,1,7,6,,,,,,,
32140,0,5,0,0,0,1,2,,,,,,,
68351,0,5,1,1,1,6,6,,,,,,,
14562,1,0,0,0,0,7,5,,,,,,,
24757,0,0,1,1,1,3,5,,,,,,,
60968,1,2,1,0,1,1,8,,,,,,,
90499,1,2,1,1,1,3,8,,,,,,,
24757,1,3,1,1,1,7,6,,,,,,,
43564,1,4,1,0,1,2,7,,,,,,,
79775,1,2,1,1,1,2,8,,,,,,,
97353,1,0,0,1,0,2,5,,,,,,,
10869,1,1,0,0,0,3,9,,,,,,,
53759,0,4,1,0,1,1,6,,,,,,,
83291,0,1,1,0,1,5,4,,,,,,,
17549,0,2,1,0,1,4,4,,,,,,,
53760,0,3,1,0,1,1,4,,,,,,,
63955,0,2,1,1,1,1,3,,,,,,,
81533,0,0,1,0,1,6,7,,,,,,,
36356,1,1,1,1,1,10,5,,,,,,,
72567,0,3,1,1,1,4,7,,,,,,,
18778,0,4,1,1,1,1,5,,,,,,,
54989,0,2,0,1,0,3,2,,,,,,,
19832,1,5,1,0,1,6,3,,,,,,,
56043,1,2,1,1,1,8,3,,,,,,,
92254,1,5,0,0,0,6,2,,,,,,,
38465,0,2,1,1,1,8,8,,,,,,,
74676,0,1,0,0,0,4,5,,,,,,,
92254,1,3,0,0,0,7,2,,,,,,,
83817,1,1,1,0,1,6,5,,,,,,,
38640,0,5,1,0,1,8,6,,,,,,,
74850,0,2,1,1,1,8,9,,,,,,,
78366,1,1,1,1,0,8,8,,,,,,,
31257,1,0,0,0,0,7,7,,,,,,,
60788,1,2,0,1,0,8,8,,,,,,,
85046,1,2,0,1,0,5,6,,,,,,,
31257,0,1,0,1,0,5,3,,,,,,,
67468,0,2,0,1,0,3,9,,,,,,,
70983,0,2,0,0,0,1,6,,,,,,,
49890,0,5,0,0,0,0,5,,,,,,,
94712,1,2,1,1,1,1,4,,,,,,,
86275,1,1,1,0,1,8,7,,,,,,,
32486,0,3,1,1,1,6,3,,,,,,,
24048,1,4,0,1,0,3,8,,,,,,,
78892,0,4,0,0,0,1,9,,,,,,,
25103,1,2,1,1,1,3,6,,,,,,,
42681,1,4,0,1,0,10,7,,,,,,,
78892,1,3,1,0,1,10,7,,,,,,,
70455,1,5,1,0,1,8,6,,,,,,,
16666,1,5,1,0,1,8,8,,,,,,,
73441,0,5,1,0,1,3,2,,,,,,,
97699,1,3,0,1,0,0,3,,,,,,,
11215,1,3,0,1,0,9,7,,,,,,,
47426,0,3,1,0,1,2,5,,,,,,,
71684,0,3,1,1,1,6,2,,,,,,,
36527,1,5,0,0,0,3,4,,,,,,,
54106,0,5,0,1,0,5,3,,,,,,,
90317,0,0,0,0,0,1,8,,,,,,,
10512,0,2,0,1,0,6,7,,,,,,,
28090,0,1,1,1,1,8,6,,,,,,,
82934,1,1,1,0,0,10,2,,,,,,,
76428,0,4,1,1,0,3,8,,,,,,,
22639,0,0,1,1,1,6,3,,,,,,,
58850,0,5,1,1,1,6,7,,,,,,,
95061,0,4,1,0,1,1,6,,,,,,,
86624,0,4,0,0,0,8,6,,,,,,,
39514,0,1,1,0,1,7,6,,,,,,,
57092,0,2,0,1,0,2,2,,,,,,,
93303,0,4,0,1,0,5,8,,,,,,,
84866,0,5,0,1,0,7,6,,,,,,,
31077,1,4,1,1,1,8,5,,,,,,,
49884,1,4,1,0,1,5,5,,,,,,,
67462,1,3,1,0,1,2,5,,,,,,,
13673,1,4,0,1,0,6,9,,,,,,,
17189,0,0,1,1,1,3,8,,,,,,,
41447,0,1,0,0,0,3,4,,,,,,,
77658,1,5,1,1,1,5,7,,,,,,,
23868,0,3,0,0,0,5,3,,,,,,,
34064,1,1,1,0,1,9,4,,,,,,,
51642,0,4,0,1,0,5,3,,,,,,,
61837,0,3,1,0,1,3,4,,,,,,,
16660,0,4,1,0,1,0,7,,,,,,,
34238,1,3,1,1,1,3,5,,,,,,,
37754,0,4,1,1,1,7,3,,,,,,,
73965,1,3,1,0,1,2,6,,,,,,,
98223,0,3,1,1,1,4,3,,,,,,,
89785,0,1,0,1,0,7,5,,,,,,,
93301,1,4,0,0,0,4,4,,,,,,,
27558,0,1,1,0,1,2,4,,,,,,,
63769,0,1,1,1,1,5,2,,,,,,,
67285,0,3,1,1,1,8,5,,,,,,,
91543,0,4,0,1,0,1,5,,,,,,,
13670,0,3,0,0,0,4,4,,,,,,,
37928,0,1,0,0,0,8,5,,,,,,,
74139,0,5,1,1,1,5,2,,,,,,,
20350,1,2,1,0,1,7,4,,,,,,,
30545,0,0,0,0,0,6,9,,,,,,,
48124,1,4,1,0,1,3,3,,,,,,,
84334,1,0,1,0,1,9,6,,,,,,,
30545,0,1,0,1,0,3,5,,,,,,,
40741,1,4,1,1,1,10,5,,,,,,,
58319,1,1,0,0,0,5,7,,,,,,,
13142,0,2,0,0,0,5,5,,,,,,,
16657,0,2,1,1,1,4,3,,,,,,,
40915,1,2,0,0,0,5,5,,,,,,,
32478,0,2,1,1,1,2,2,,,,,,,
68689,0,5,0,0,0,5,9,,,,,,,
78884,1,2,0,0,0,6,6,,,,,,,
25095,0,1,0,1,0,2,3,,,,,,,
42673,0,0,0,1,0,5,6,,,,,,,
78884,1,1,1,0,1,0,5,,,,,,,
82399,0,4,0,0,0,8,8,,,,,,,
16657,1,4,1,1,1,9,6,,,,,,,
61480,1,2,1,0,1,7,8,,,,,,,
97691,0,0,0,1,0,2,2,,,,,,,
11207,0,0,1,1,1,2,2,,,,,,,
35465,0,3,0,1,0,2,3,,,,,,,
71675,0,1,0,1,0,3,4,,,,,,,
75191,1,0,0,1,0,8,8,,,,,,,
28082,0,1,1,0,1,5,4,,,,,,,
45660,1,4,0,1,0,8,6,,,,,,,
81871,1,4,1,0,1,9,5,,,,,,,
28082,0,3,0,0,0,8,3,,,,,,,
46889,0,3,0,0,0,2,3,,,,,,,
64467,0,4,0,1,0,2,6,,,,,,,
29311,0,0,1,1,1,6,7,,,,,,,
46889,0,0,0,1,0,7,8,,,,,,,
50405,1,4,0,0,0,5,5,,,,,,,
74662,0,3,0,1,0,5,5,,,,,,,
66225,1,1,0,1,0,3,2,,,,,,,
31069,0,3,1,1,1,5,5,,,,,,,
48647,0,3,0,1,0,4,8,,,,,,,
84858,1,2,0,1,0,9,5,,,,,,,
85032,0,3,1,0,1,1,4,,,,,,,
31243,0,3,0,0,0,3,3,,,,,,,
34759,1,3,1,0,1,6,4,,,,,,,
77649,0,5,1,1,1,1,3,,,,,,,
95227,0,4,1,0,1,1,5,,,,,,,
86790,0,1,1,0,1,2,2,,,,,,,
33001,1,0,0,0,0,6,4,,,,,,,
69212,1,3,1,0,1,6,6,,,,,,,
72727,0,4,1,0,1,8,8,,,,,,,
18938,1,3,1,1,1,8,8,,,,,,,
61829,0,2,0,0,0,2,6,,,,,,,
88019,0,3,1,0,0,8,7,,,,,,,
34230,1,1,0,0,0,0,7,,,,,,,
44425,0,1,0,1,0,2,6,,,,,,,
62003,0,3,0,1,0,3,8,,,,,,,
98214,1,0,0,0,0,4,7,,,,,,,
89777,0,1,1,1,1,5,8,,,,,,,
35988,0,5,0,1,0,5,5,,,,,,,
46183,0,3,0,0,0,0,3,,,,,,,
82394,0,4,1,1,1,6,3,,,,,,,
99972,0,1,0,1,0,2,3,,,,,,,
22100,0,2,1,0,1,3,3,,,,,,,
46357,0,3,1,0,1,0,8,,,,,,,
82568,0,4,1,1,1,6,4,,,,,,,
28779,0,3,0,0,0,3,4,,,,,,,
32295,0,5,0,0,0,2,4,,,,,,,
56553,0,4,1,0,1,6,3,,,,,,,
60068,0,1,0,1,0,8,4,,,,,,,
96279,0,4,1,0,1,7,5,,,,,,,
30537,1,2,0,1,0,9,2,,,,,,,
22100,1,2,1,0,1,5,2,,,,,,,
20740,1,1,1,0,1,0,8,,,,,,,
58485,0,3,1,0,1,5,5,,,,,,,
94696,1,3,1,0,1,5,5,,,,,,,
14891,1,2,1,0,1,8,4,,,,,,,
32469,1,3,0,1,0,2,8,,,,,,,
42665,1,4,1,0,1,6,5,,,,,,,
60243,1,4,1,0,1,1,2,,,,,,,
63758,0,4,1,0,1,2,7,,,,,,,
88016,0,3,0,1,0,4,3,,,,,,,
91532,1,3,1,0,1,3,6,,,,,,,
25790,1,4,1,0,1,9,3,,,,,,,
70613,0,1,0,1,0,4,3,,,,,,,
80808,0,2,1,0,1,8,7,,,,,,,
27019,1,4,1,0,1,9,8,,,,,,,
44597,0,3,0,1,0,4,5,,,,,,,
80808,1,2,0,1,0,1,7,,,,,,,
27019,0,2,0,1,0,4,3,,,,,,,
18581,1,3,1,1,1,6,7,,,,,,,
28777,0,1,1,1,1,5,8,,,,,,,
46355,1,3,0,0,0,2,6,,,,,,,
49870,1,5,1,1,1,3,3,,,,,,,
82740,1,3,1,1,1,4,6,,,,,,,
28951,1,2,1,1,1,8,8,,,,,,,
20513,0,3,0,0,0,6,5,,,,,,,
56724,1,4,1,0,1,8,4,,,,,,,
66920,0,2,1,1,1,3,8,,,,,,,
84498,0,3,0,1,0,3,2,,,,,,,
88014,0,3,1,0,1,7,4,,,,,,,
22271,1,1,0,1,0,10,9,,,,,,,
13834,1,2,0,0,0,8,5,,,,,,,
17349,0,5,0,1,0,6,2,,,,,,,
41607,0,3,1,1,1,7,6,,,,,,,
86430,0,3,1,1,1,7,2,,,,,,,
77993,0,4,1,0,1,4,4,,,,,,,
88188,0,0,0,0,0,0,9,,,,,,,
15766,0,3,0,0,0,6,6,,,,,,,
97329,0,2,0,1,0,1,7,,,,,,,
43539,0,0,0,0,0,3,7,,,,,,,
53735,0,3,0,1,0,4,3,,,,,,,
71313,0,1,0,0,0,1,5,,,,,,,
74829,0,3,0,0,0,6,8,,,,,,,
99086,0,5,0,1,0,6,7,,,,,,,
99261,0,5,1,1,1,6,3,,,,,,,
19456,0,2,0,1,0,8,8,,,,,,,
55667,0,2,0,1,0,3,5,,,,,,,
73245,0,2,0,0,0,5,3,,,,,,,
64808,0,2,0,1,0,6,4,,,,,,,
11019,0,4,1,0,1,5,8,,,,,,,
21214,0,2,1,1,1,3,5,,,,,,,
38792,0,3,1,1,1,3,8,,,,,,,
42308,0,3,0,1,0,4,7,,,,,,,
85198,0,0,1,0,1,0,9,,,,,,,
12776,0,4,1,1,1,4,6,,,,,,,
31584,0,4,0,1,0,5,9,,,,,,,
49162,0,1,0,1,0,8,6,,,,,,,
52677,0,2,1,1,1,6,7,,,,,,,
76935,0,4,0,0,0,2,3,,,,,,,
23146,0,4,0,0,0,2,9,,,,,,,
26662,0,5,1,0,1,8,3,,,,,,,
50920,1,1,0,1,0,7,4,,,,,,,
61115,0,3,1,0,1,2,4,,,,,,,
78693,0,3,0,1,0,3,3,,,,,,,
24904,1,1,1,1,1,1,8,,,,,,,
25078,1,4,1,1,1,7,7,,,,,,,
61289,1,0,1,0,1,7,8,,,,,,,
52852,0,1,1,1,1,0,7,,,,,,,
89063,1,1,1,1,1,3,9,,,,,,,
80625,0,5,1,0,1,6,4,,,,,,,
26836,1,2,0,1,0,9,4,,,,,,,
30352,0,5,1,0,1,8,6,,,,,,,
99258,1,0,1,0,1,9,6,,,,,,,
90821,0,5,0,1,0,8,6,,,,,,,
82383,1,2,1,0,1,9,7,,,,,,,
81023,1,3,1,1,1,4,9,,,,,,,
28768,0,3,0,1,0,5,2,,,,,,,
20331,0,3,1,0,1,8,8,,,,,,,
23846,1,3,1,0,1,7,5,,,,,,,
48104,1,0,0,1,0,6,8,,,,,,,
58300,0,3,1,0,1,5,3,,,,,,,
75878,1,3,0,1,0,1,5,,,,,,,
86073,1,0,1,1,1,2,2,,,,,,,
70956,0,0,1,0,1,7,4,,,,,,,
95214,0,3,1,0,1,7,7,,,,,,,
98729,1,4,0,0,0,10,7,,,,,,,
15583,0,1,1,0,1,3,7,,,,,,,
33162,0,1,1,0,1,0,9,,,,,,,
24021,0,1,1,0,1,8,3,,,,,,,
15583,1,0,0,0,0,9,6,,,,,,,
25779,1,2,0,0,0,0,4,,,,,,,
43357,0,2,1,0,1,7,7,,,,,,,
53552,1,3,0,1,0,9,4,,,,,,,
45115,0,4,0,0,0,5,3,,,,,,,
62693,0,2,1,1,1,2,3,,,,,,,
98904,0,1,1,0,1,6,5,,,,,,,
99078,0,3,1,0,1,5,3,,,,,,,
19273,0,3,0,0,0,0,8,,,,,,,
36852,1,5,0,0,0,6,8,,,,,,,
73062,1,1,0,1,0,6,9,,,,,,,
76578,1,1,0,0,0,10,8,,,,,,,
10836,1,0,1,1,1,4,7,,,,,,,
21031,0,2,1,1,1,3,5,,,,,,,
38609,1,4,0,0,0,10,9,,,,,,,
48805,0,3,0,0,0,2,5,,,,,,,
66383,1,4,0,1,0,1,6,,,,,,,
12594,1,4,0,0,0,3,3,,,,,,,
12768,1,3,1,0,1,8,3,,,,,,,
48979,1,3,0,1,0,2,5,,,,,,,
52495,0,0,1,1,1,4,4,,,,,,,
76753,1,4,1,0,1,8,4,,,,,,,
86948,1,4,1,0,1,8,5,,,,,,,
14526,0,3,0,1,0,3,3,,,,,,,
50737,0,1,0,0,0,5,2,,,,,,,
42299,0,5,1,0,1,5,4,,,,,,,
52495,0,0,0,1,0,8,7,,,,,,,
37378,1,4,1,1,1,3,2,,,,,,,
70247,0,4,0,0,0,8,3,,,,,,,
16458,0,0,1,1,1,0,3,,,,,,,
19974,1,4,0,1,0,5,2,,,,,,,
44232,1,1,1,1,1,2,5,,,,,,,
80443,1,0,0,1,0,6,5,,,,,,,
72005,1,1,0,0,0,6,2,,,,,,,
18216,1,1,0,0,0,4,8,,,,,,,
54427,1,2,1,1,1,6,6,,,,,,,
45989,0,4,1,1,1,6,2,,,,,,,
82200,0,3,1,1,1,0,3,,,,,,,
73763,0,5,0,0,0,5,8,,,,,,,
28586,1,2,1,1,1,5,4,,,,,,,
20148,0,3,0,0,0,2,4,,,,,,,
30344,0,3,0,0,0,1,5,,,,,,,
47922,0,4,0,0,0,7,8,,,,,,,
58117,0,2,1,0,1,6,6,,,,,,,
75695,1,4,0,1,0,0,3,,,,,,,
85890,1,5,1,0,1,2,2,,,,,,,
13469,1,2,0,1,0,0,8,,,,,,,
16984,1,0,0,1,0,7,6,,,,,,,
41242,0,2,0,0,0,5,9,,,,,,,
86065,0,4,1,0,1,1,8,,,,,,,
96260,0,2,0,1,0,7,2,,,,,,,
87823,1,2,0,0,0,3,3,,,,,,,
79385,0,1,0,1,0,2,4,,,,,,,
96963,0,5,1,0,1,2,9,,,,,,,
88526,0,3,1,1,1,2,5,,,,,,,
34737,1,2,1,1,1,3,4,,,,,,,
70948,0,1,1,0,1,8,9,,,,,,,
62510,1,3,0,0,0,7,7,,,,,,,
54073,0,4,0,1,0,0,9,,,,,,,
57588,0,4,1,1,1,3,3,,,,,,,
12411,0,5,1,1,1,6,3,,,,,,,
48622,0,3,0,1,0,6,6,,,,,,,
72880,1,0,0,1,0,8,3,,,,,,,
76395,1,5,0,1,0,8,6,,,,,,,
10653,1,1,1,0,1,1,8,,,,,,,
46864,1,2,0,0,0,1,3,,,,,,,
50380,0,2,0,1,0,1,2,,,,,,,
74638,1,5,1,1,1,3,7,,,,,,,
66200,0,1,1,1,1,3,4,,,,,,,
12411,0,1,0,0,0,3,5,,,,,,,
12585,0,3,1,1,1,1,8,,,,,,,
94148,0,0,1,1,1,3,5,,,,,,,
85710,1,3,0,1,0,10,6,,,,,,,
89226,0,4,0,0,0,6,8,,,,,,,
23484,0,3,0,1,0,7,4,,,,,,,
33679,0,0,0,0,0,1,5,,,,,,,
69890,1,1,1,0,1,1,5,,,,,,,
87468,0,2,0,1,0,3,5,,,,,,,
79031,1,2,1,1,1,8,5,,,,,,,
25242,1,4,1,0,1,1,5,,,,,,,
16804,0,3,1,1,1,6,6,,,,,,,
28932,0,1,0,0,0,4,3,,,,,,,
53190,1,3,1,0,0,9,9,,,,,,,
89401,0,1,0,0,0,2,3,,,,,,,
99596,1,4,1,1,1,7,8,,,,,,,
84479,1,4,1,0,1,9,3,,,,,,,
18736,1,4,1,0,1,1,6,,,,,,,
54947,1,2,0,0,0,4,5,,,,,,,
58463,1,4,0,1,0,3,7,,,,,,,
11354,1,0,1,1,1,10,3,,,,,,,
28932,0,2,1,1,1,2,6,,,,,,,
29106,0,1,1,0,1,7,4,,,,,,,
39301,0,0,0,1,0,2,3,,,,,,,
56880,1,2,1,0,1,1,5,,,,,,,
93091,1,0,1,1,1,2,7,,,,,,,
96606,0,1,0,0,0,5,5,,,,,,,
88169,1,3,0,0,0,1,6,,,,,,,
22426,0,2,1,0,1,2,8,,,,,,,
32622,1,4,1,1,1,9,5,,,,,,,
50200,0,1,0,1,0,0,6,,,,,,,
49570,0,4,1,0,1,4,7,,,,,,,
58109,1,2,0,1,0,6,8,,,,,,,
45627,1,3,0,1,0,7,7,,,,,,,
36486,1,5,1,0,1,4,6,,,,,,,
40002,0,4,0,1,0,5,3,,,,,,,
76213,0,1,1,1,1,4,8,,,,,,,
29103,1,2,1,1,1,7,9,,,,,,,
46682,1,3,1,1,1,8,3,,,,,,,
50197,0,2,0,0,0,8,6,,,,,,,
86408,0,3,0,1,0,6,3,,,,,,,
20666,0,4,1,0,1,8,3,,,,,,,
56877,0,3,0,1,0,2,2,,,,,,,
75684,0,3,0,0,0,1,3,,,,,,,
47911,1,3,1,0,1,8,4,,,,,,,
84122,0,5,1,1,1,7,6,,,,,,,
87637,0,4,1,0,1,2,2,,,,,,,
21895,0,4,0,1,0,2,2,,,,,,,
58106,0,3,0,1,0,5,6,,,,,,,
68301,1,1,1,1,1,8,8,,,,,,,
14512,0,2,1,0,1,2,4,,,,,,,
32090,0,2,0,0,0,3,2,,,,,,,
68301,1,4,0,0,0,5,5,,,,,,,
27168,1,1,0,0,0,1,9,,,,,,,
78671,0,2,0,0,0,4,5,,,,,,,
96249,1,5,1,0,1,1,5,,,,,,,
99765,1,5,1,1,1,5,8,,,,,,,
34023,1,1,0,1,0,8,5,,,,,,,
70233,1,3,0,0,0,5,5,,,,,,,
16444,1,5,0,0,0,5,8,,,,,,,
64609,0,0,1,1,1,3,8,,,,,,,
10819,1,1,1,1,1,6,5,,,,,,,
35077,1,1,1,0,1,0,8,,,,,,,
25937,1,4,1,0,1,6,5,,,,,,,
44744,1,3,1,1,1,2,9,,,,,,,
62322,1,0,1,0,1,6,2,,,,,,,
65838,0,2,0,1,0,7,6,,,,,,,
18728,1,2,1,0,1,2,8,,,,,,,
36306,1,0,0,0,0,6,4,,,,,,,
72517,1,2,1,1,1,7,9,,,,,,,
82713,0,2,1,1,1,8,7,,,,,,,
28924,0,2,0,1,0,7,8,,,,,,,
65134,1,1,0,1,0,4,4,,,,,,,
82713,0,0,1,0,1,6,8,,,,,,,
82887,1,5,0,0,0,5,6,,,,,,,
74449,1,3,1,0,1,5,4,,,,,,,
20660,1,2,1,0,1,5,3,,,,,,,
12223,1,3,1,1,1,1,2,,,,,,,
15739,1,1,1,0,1,5,4,,,,,,,
39996,0,2,1,1,1,4,2,,,,,,,
31559,1,3,1,1,1,8,8,,,,,,,
23121,1,2,0,1,0,8,7,,,,,,,
59332,0,1,0,0,0,2,6,,,,,,,
69528,1,1,0,0,0,4,4,,,,,,,
87106,0,3,0,1,0,6,8,,,,,,,
41929,1,2,0,0,0,10,6,,,,,,,
78140,1,0,0,1,0,6,5,,,,,,,
69702,0,1,0,1,0,3,8,,,,,,,
73218,1,1,0,0,0,0,7,,,,,,,
97475,1,4,0,1,0,3,3,,,,,,,
10991,1,4,0,1,0,3,5,,,,,,,
53882,1,4,0,0,0,3,3,,,,,,,
38765,0,2,1,1,1,3,3,,,,,,,
81655,0,2,1,0,1,0,9,,,,,,,
99233,1,1,0,0,0,4,5,,,,,,,
54056,1,4,0,1,0,3,7,,,,,,,
57572,1,1,1,0,1,8,4,,,,,,,
81830,0,3,1,1,1,4,3,,,,,,,
85345,1,1,0,0,0,1,4,,,,,,,
19603,1,2,0,1,0,0,5,,,,,,,
55814,0,4,0,1,0,2,5,,,,,,,
20658,1,0,0,1,0,5,2,,,,,,,
95541,0,4,1,1,1,4,3,,,,,,,
29798,0,4,1,0,1,7,8,,,,,,,
39994,0,2,1,1,1,3,5,,,,,,,
31556,0,3,0,0,0,8,7,,,,,,,
57746,0,2,0,1,0,3,7,,,,,,,
49309,0,4,0,0,0,2,7,,,,,,,
52824,0,5,1,0,1,5,5,,,,,,,
77082,0,1,0,0,0,2,8,,,,,,,
23293,0,5,0,0,0,5,3,,,,,,,
14856,0,2,1,1,1,6,5,,,,,,,
51066,0,1,1,1,1,3,6,,,,,,,
42629,0,3,0,0,0,4,7,,,,,,,
78840,0,1,0,1,0,2,7,,,,,,,
70402,0,4,1,0,1,3,9,,,,,,,
82530,0,1,0,0,0,3,6,,,,,,,
16788,0,5,1,1,1,4,3,,,,,,,
52999,0,0,1,1,1,6,6,,,,,,,
89210,0,4,1,0,1,2,6,,,,,,,
92725,0,5,1,0,1,4,3,,,,,,,
71632,0,4,0,0,0,4,3,,,,,,,
36475,0,4,0,1,0,7,7,,,,,,,
28038,0,2,0,1,0,4,7,,,,,,,
64249,0,0,0,1,0,3,8,,,,,,,
81827,0,2,1,1,1,2,4,,,,,,,
19246,0,4,0,1,0,7,8,,,,,,,
81473,0,4,1,1,1,6,8,,,,,,,
91668,0,3,0,1,0,2,4,,,,,,,
18543,0,1,0,1,0,5,2,,,,,,,
66707,0,2,0,1,0,8,8,,,,,,,
64246,0,5,1,0,1,4,4,,,,,,,
81121,0,4,0,0,0,6,6,,,,,,,
71277,0,3,1,1,1,0,5,,,,,,,
16785,0,4,0,1,0,6,3,,,,,,,
19598,0,1,0,0,0,8,4,,,,,,,
97116,0,3,1,0,1,5,6,,,,,,,
87975,0,1,0,1,0,5,5,,,,,,,
34186,0,1,1,1,1,0,6,,,,,,,
42975,0,2,1,1,1,2,3,,,,,,,
60553,0,4,0,1,0,3,4,,,,,,,
96061,0,2,0,1,0,4,2,,,,,,,
42272,0,5,1,1,1,1,7,,,,,,,
77780,0,2,0,0,0,8,4,,,,,,,
23288,0,2,1,0,1,6,2,,,,,,,
14147,0,5,1,0,1,1,6,,,,,,,
57564,0,4,0,0,0,2,6,,,,,,,
48423,0,0,0,1,0,7,3,,,,,,,
39282,0,4,1,1,1,6,7,,,,,,,
86743,0,3,1,0,1,0,5,,,,,,,
20298,0,2,1,0,1,1,6,,,,,,,
10454,0,0,0,1,0,7,3,,,,,,,
13267,0,4,0,0,0,5,8,,,,,,,
82173,0,1,1,0,1,1,3,,,,,,,
27681,0,3,0,1,0,5,3,,,,,,,
56365,0,2,0,0,0,2,2,,,,,,,
13826,0,5,1,0,1,2,5,,,,,,,
93982,0,2,1,1,1,5,8,,,,,,,
72889,0,1,1,0,1,3,4,,,,,,,
18397,0,2,0,1,0,1,4,,,,,,,
72537,0,3,0,1,0,8,5,,,,,,,
63397,0,0,0,1,0,4,5,,,,,,,
53553,0,1,1,1,1,7,8,,,,,,,
70428,0,4,1,0,1,2,3,,,,,,,
15936,1,0,1,1,1,7,8,,,,,,,
60055,0,4,1,0,1,8,8,,,,,,,
50915,1,5,0,1,0,6,9,,,,,,,
41071,0,4,0,1,0,1,3,,,,,,,
89235,1,4,1,0,1,5,7,,,,,,,
22790,0,1,0,0,0,8,8,,,,,,,
58298,1,2,1,1,1,3,9,,,,,,,
16462,0,3,1,0,1,1,8,,,,,,,
84665,0,3,0,1,0,3,2,,,,,,,
42126,1,3,0,1,0,2,8,,,,,,,
28110,0,4,0,0,0,0,7,,,,,,,
65152,0,2,1,1,1,1,7,,,,,,,
74644,0,2,1,1,1,0,6,,,,,,,
46167,1,5,1,0,1,5,5,,,,,,,
37027,1,3,0,1,0,4,9,,,,,,,
27183,0,1,0,1,0,8,8,,,,,,,
18042,1,4,1,0,1,0,8,,,,,,,
54253,0,2,0,0,0,4,6,,,,,,,
45113,0,2,0,1,0,6,9,,,,,,,
54605,1,2,1,1,1,9,5,,,,,,,
35443,0,3,0,0,0,1,2,,,,,,,
44935,0,3,0,1,0,2,2,,,,,,,
17162,1,0,0,0,0,0,9,,,,,,,
26654,1,2,1,1,1,4,7,,,,,,,
43529,0,2,1,0,1,0,6,,,,,,,
34389,0,3,1,1,1,3,6,,,,,,,
89232,0,4,0,0,0,8,9,,,,,,,
61459,1,5,0,0,0,6,6,,,,,,,
52318,1,2,0,0,0,7,5,,,,,,,
43178,0,2,0,1,0,5,4,,,,,,,
42649,0,3,1,0,1,2,2,,,,,,,
33508,0,2,0,0,0,7,8,,,,,,,
36321,0,1,0,0,0,3,2,,,,,,,
33157,0,5,0,1,0,3,4,,,,,,,
17336,0,2,0,0,0,1,7,,,,,,,
59524,1,3,1,0,1,9,5,,,,,,,
95032,0,3,1,1,1,6,4,,,,,,,
66555,1,3,1,1,1,9,5,,,,,,,
24719,0,1,0,0,0,2,9,,,,,,,
92922,0,0,1,0,1,6,2,,,,,,,
47745,1,1,1,0,1,1,5,,,,,,,
38605,0,2,1,0,1,2,5,,,,,,,
74112,1,1,0,0,0,5,6,,,,,,,
20323,0,4,0,1,0,5,8,,,,,,,
75167,0,5,0,0,0,1,9,,,,,,,
59347,1,1,0,1,0,4,4,,,,,,,
82901,1,0,1,0,1,5,6,,,,,,,
73761,1,4,0,0,0,10,6,,,,,,,
64620,1,2,0,0,0,1,4,,,,,,,
10831,1,1,0,1,0,4,3,,,,,,,
28935,1,3,1,1,1,8,5,,,,,,,
58466,1,5,1,0,1,3,3,,,,,,,
37373,1,2,1,1,1,4,3,,,,,,,
73584,1,4,0,1,0,2,5,,,,,,,
19795,1,2,1,0,1,4,4,,,,,,,
11357,1,3,0,1,0,6,4,,,,,,,
47568,0,5,0,0,0,1,8,,,,,,,
39131,0,3,0,0,0,3,2,,,,,,,
42646,1,5,0,1,0,7,8,,,,,,,
34209,1,3,1,0,1,8,4,,,,,,,
41063,1,3,0,1,0,3,7,,,,,,,
25946,0,4,1,0,1,2,5,,,,,,,
17508,1,4,0,0,0,0,6,,,,,,,
15750,1,2,1,1,1,1,6,,,,,,,
90633,0,3,1,1,1,2,5,,,,,,,
24891,1,5,1,1,1,3,7,,,,,,,
16453,0,1,0,1,0,7,8,,,,,,,
19969,1,0,1,1,1,1,7,,,,,,,
18211,1,2,0,1,0,9,6,,,,,,,
93094,0,2,0,1,0,6,6,,,,,,,
54597,0,3,0,1,0,4,4,,,,,,,
46159,0,5,0,1,0,7,6,,,,,,,
37722,0,2,1,1,1,8,8,,,,,,,
22604,0,2,1,1,1,5,3,,,,,,,
46862,0,2,0,1,0,3,4,,,,,,,
38425,0,0,1,1,1,4,5,,,,,,,
29987,0,2,0,0,0,7,7,,,,,,,
40182,0,5,0,1,0,1,5,,,,,,,
25065,1,3,1,0,1,7,7,,,,,,,
16628,0,0,0,0,0,3,5,,,,,,,
40886,1,4,0,1,0,7,5,,,,,,,
41060,1,2,0,0,0,8,7,,,,,,,
32622,1,3,1,0,1,3,6,,,,,,,
36138,0,0,0,0,0,5,7,,,,,,,
27701,1,2,0,1,0,6,5,,,,,,,
19263,0,2,1,1,1,4,4,,,,,,,
43521,1,3,1,1,1,5,7,,,,,,,
92388,0,0,1,1,1,2,4,,,,,,,
26646,1,4,0,0,0,3,9,,,,,,,
18208,0,3,0,0,0,1,3,,,,,,,
67076,1,4,0,1,0,3,6,,,,,,,
91333,1,4,1,1,1,5,4,,,,,,,
13461,0,5,1,0,1,5,4,,,,,,,
11703,0,1,1,1,1,6,8,,,,,,,
29281,0,5,1,0,1,3,3,,,,,,,
39477,0,0,0,1,0,2,4,,,,,,,
57055,1,2,0,1,0,10,8,,,,,,,
48617,0,4,1,1,1,6,3,,,,,,,
40180,0,3,0,0,0,3,4,,,,,,,
31742,0,4,0,0,0,3,3,,,,,,,
23305,0,4,1,0,1,6,2,,,,,,,
33500,1,1,1,1,1,1,6,,,,,,,
33674,0,0,0,0,0,7,6,,,,,,,
51253,0,0,0,1,0,2,4,,,,,,,
42815,1,3,1,1,1,8,6,,,,,,,
79026,1,1,1,0,1,3,6,,,,,,,
70588,0,3,0,1,0,1,2,,,,,,,
80784,0,2,1,1,1,3,6,,,,,,,
98362,1,2,1,1,1,10,4,,,,,,,
44573,0,3,1,1,1,5,2,,,,,,,
36135,1,2,1,1,1,6,7,,,,,,,
27698,0,2,0,0,0,8,5,,,,,,,
19260,1,4,1,1,1,3,7,,,,,,,
19435,0,4,1,1,1,0,7,,,,,,,
10997,0,1,1,0,1,6,4,,,,,,,
92560,0,4,0,0,0,3,5,,,,,,,
84122,1,3,1,1,1,3,3,,,,,,,
75685,0,0,0,0,0,2,5,,,,,,,
67247,0,2,1,0,1,7,5,,,,,,,
58810,0,1,1,1,1,5,5,,,,,,,
69005,1,3,0,0,0,5,5,,,,,,,
86583,0,1,0,1,0,0,6,,,,,,,
45450,1,3,0,0,0,7,7,,,,,,,
78320,0,4,1,1,1,6,5,,,,,,,
88515,0,2,1,1,1,3,7,,,,,,,
16094,0,3,1,1,0,6,8,,,,,,,
26289,0,4,1,1,0,4,7,,,,,,,
11172,0,0,1,1,1,8,6,,,,,,,
35429,1,4,0,0,0,9,8,,,,,,,
26992,0,3,1,1,1,3,2,,,,,,,
63203,0,0,0,1,0,2,3,,,,,,,
54765,1,0,1,1,1,3,3,,,,,,,
58281,0,4,1,0,1,4,3,,,,,,,
82539,0,3,1,0,1,3,5,,,,,,,
82713,1,1,0,1,0,7,5,,,,,,,
74276,0,5,1,1,1,2,3,,,,,,,
84471,0,5,0,0,0,7,6,,,,,,,
69354,1,4,0,0,0,1,6,,,,,,,
93612,0,0,1,0,1,3,3,,,,,,,
39823,0,3,0,1,0,4,5,,,,,,,
31385,0,2,0,0,0,7,9,,,,,,,
67596,0,2,0,1,0,1,6,,,,,,,
77791,0,3,1,1,1,3,2,,,,,,,
95370,0,2,0,1,0,1,3,,,,,,,
50192,0,0,0,1,0,2,2,,,,,,,
41755,0,4,0,0,0,4,3,,,,,,,
33317,0,0,0,0,0,2,3,,,,,,,
24880,0,0,1,0,1,2,4,,,,,,,
28395,0,4,0,0,0,5,8,,,,,,,
52653,0,3,1,1,1,5,6,,,,,,,
56169,1,1,1,0,1,7,5,,,,,,,
80427,1,2,1,1,1,5,7,,,,,,,
71989,1,3,1,0,1,5,2,,,,,,,
75505,1,4,1,0,1,10,8,,,,,,,
99763,0,1,0,1,0,3,2,,,,,,,
67242,1,5,1,1,1,4,8,,,,,,,
58804,0,5,0,0,0,0,5,,,,,,,
83062,0,0,0,1,0,3,9,,,,,,,
93257,1,0,1,1,1,8,4,,,,,,,
78140,0,5,0,1,0,7,8,,,,,,,
12398,0,1,1,0,1,5,2,,,,,,,
93961,0,1,1,0,1,1,5,,,,,,,
14156,1,1,1,1,1,3,2,,,,,,,
95718,1,1,0,1,0,5,3,,,,,,,
80601,0,3,1,1,1,4,7,,,,,,,
23471,0,1,0,1,0,4,8,,,,,,,
15033,0,4,1,0,1,3,3,,,,,,,
51244,1,3,0,0,0,0,6,,,,,,,
42807,1,3,1,0,1,9,5,,,,,,,
53002,0,3,1,0,1,2,9,,,,,,,
25932,0,4,1,1,1,5,2,,,,,,,
17494,1,5,0,0,0,4,3,,,,,,,
99057,1,5,0,1,0,0,3,,,,,,,
19252,0,4,0,1,0,3,5,,,,,,,
36830,1,0,0,1,0,10,6,,,,,,,
40346,0,3,0,1,0,7,3,,,,,,,
73216,1,2,1,0,1,4,9,,,,,,,
64778,1,3,1,1,1,8,4,,,,,,,
56341,0,1,1,0,1,6,3,,,,,,,
84466,0,2,1,1,1,7,4,,,,,,,
57921,0,2,1,0,1,1,4,,,,,,,
42804,0,3,1,0,1,2,3,,,,,,,
67062,1,5,1,1,1,1,5,,,,,,,
58624,1,1,1,1,1,2,5,,,,,,,
68820,1,1,0,1,0,2,5,,,,,,,
60382,1,3,0,0,0,7,6,,,,,,,
96593,0,3,1,1,1,5,2,,,,,,,
24171,1,1,1,0,1,7,8,,,,,,,
34367,1,3,0,1,0,1,3,,,,,,,
25929,0,3,0,1,0,6,3,,,,,,,
43507,0,3,1,1,1,5,6,,,,,,,
43682,0,1,1,1,1,2,2,,,,,,,
35244,1,2,0,0,0,1,9,,,,,,,
26807,0,5,1,0,1,6,5,,,,,,,
30322,1,1,1,1,1,2,3,,,,,,,
54580,1,3,1,0,1,1,6,,,,,,,
46143,1,1,1,1,1,1,4,,,,,,,
56338,0,3,1,0,1,1,7,,,,,,,
47900,0,1,0,1,0,3,4,,,,,,,
20830,0,3,0,0,0,1,2,,,,,,,
57041,1,1,0,1,0,4,8,,,,,,,
57215,0,1,0,0,0,5,8,,,,,,,
67411,0,3,1,1,1,2,5,,,,,,,
58973,1,2,1,1,1,0,5,,,,,,,
43856,0,4,1,1,1,3,4,,,,,,,
68114,0,1,1,0,1,0,9,,,,,,,
78309,1,5,1,0,1,4,5,,,,,,,
63192,0,3,1,0,1,1,4,,,,,,,
16083,0,5,0,0,0,0,8,,,,,,,
33661,1,4,1,1,1,8,8,,,,,,,
25223,1,4,1,0,1,5,7,,,,,,,
16786,0,1,1,1,1,0,9,,,,,,,
16960,1,4,1,0,1,3,8,,,,,,,
98523,0,4,1,1,1,2,4,,,,,,,
90085,1,1,1,1,1,6,8,,,,,,,
81648,0,2,0,0,0,3,8,,,,,,,
85163,1,4,1,1,1,3,2,,,,,,,
76726,0,1,0,0,0,6,8,,,,,,,
10984,0,0,0,1,0,3,3,,,,,,,
92546,0,1,0,1,0,6,2,,,,,,,
96062,1,3,1,0,1,1,3,,,,,,,
75671,1,3,0,1,0,7,3,,,,,,,
85866,1,4,1,1,1,9,5,,,,,,,
22056,1,2,1,0,1,9,8,,,,,,,
32252,0,0,0,1,0,0,5,,,,,,,
17135,0,5,1,1,1,3,2,,,,,,,
41392,0,2,1,0,1,3,9,,,,,,,
32955,0,2,0,0,0,4,8,,,,,,,
43150,0,2,0,0,0,2,4,,,,,,,
34713,0,5,0,0,0,7,4,,,,,,,
52291,0,1,1,0,1,0,7,,,,,,,
62486,0,3,1,1,1,7,3,,,,,,,
80064,1,2,1,1,1,6,4,,,,,,,
34887,1,3,1,1,1,1,6,,,,,,,
26450,0,2,1,0,1,7,4,,,,,,,
36645,1,4,0,1,0,9,7,,,,,,,
54223,1,2,1,1,1,2,9,,,,,,,
13090,1,3,1,0,1,9,2,,,,,,,
37348,1,4,1,1,1,2,6,,,,,,,
28910,1,4,0,1,0,9,7,,,,,,,
20473,1,2,0,1,0,4,6,,,,,,,
30668,1,3,0,0,0,7,3,,,,,,,
22231,1,1,1,1,1,9,8,,,,,,,
13793,0,2,0,0,0,8,3,,,,,,,
97288,0,3,0,1,0,0,3,,,,,,,
31546,1,4,0,1,0,7,3,,,,,,,
23108,1,2,0,1,0,2,8,,,,,,,
33304,0,3,0,0,0,5,8,,,,,,,
50882,0,3,1,0,1,6,8,,,,,,,
42444,1,1,1,0,1,6,4,,,,,,,
52640,0,5,0,1,0,2,3,,,,,,,
37522,0,1,1,0,1,4,5,,,,,,,
61780,1,4,1,0,1,7,3,,,,,,,
65296,1,1,0,1,0,8,4,,,,,,,
98166,1,1,0,1,0,3,6,,,,,,,
89728,0,3,1,1,1,7,6,,,,,,,
99923,0,2,1,1,1,8,7,,,,,,,
91486,0,2,1,1,1,2,5,,,,,,,
19064,1,1,0,1,0,7,2,,,,,,,
22580,0,1,0,1,0,2,9,,,,,,,
14142,0,2,0,0,0,3,3,,,,,,,
12384,0,1,1,1,1,1,3,,,,,,,
29962,1,0,0,0,0,9,6,,,,,,,
21525,1,4,0,0,0,3,4,,,,,,,
13087,0,3,0,0,0,4,4,,,,,,,
13262,0,5,1,1,1,0,4,,,,,,,
94824,0,2,0,1,0,6,8,,,,,,,
15020,1,4,1,0,1,7,4,,,,,,,
32598,1,3,0,0,0,1,6,,,,,,,
24160,1,3,0,0,0,6,6,,,,,,,
15723,1,5,1,1,1,3,7,,,,,,,
97285,1,4,0,0,0,6,3,,,,,,,
17481,1,0,1,1,1,5,6,,,,,,,
92363,0,3,1,1,1,3,3,,,,,,,
26621,0,2,0,1,0,2,4,,,,,,,
26796,0,4,0,0,0,8,7,,,,,,,
18358,1,2,0,1,0,6,5,,,,,,,
99921,1,4,0,1,0,2,7,,,,,,,
13436,0,3,1,1,1,2,3,,,,,,,
94999,0,3,0,1,0,6,8,,,,,,,
29257,1,3,1,0,1,10,5,,,,,,,
20819,1,3,0,0,0,6,7,,,,,,,
12382,0,4,1,1,1,8,5,,,,,,,
22577,0,4,1,0,1,1,9,,,,,,,
40155,0,0,0,1,0,3,6,,,,,,,
31717,1,2,0,1,0,4,6,,,,,,,
31892,1,1,1,1,1,0,8,,,,,,,
42087,0,0,1,1,1,3,6,,,,,,,
59665,0,4,0,0,0,5,3,,,,,,,
69861,0,5,0,0,0,4,7,,,,,,,
87439,1,2,1,1,1,9,9,,,,,,,
79001,0,3,0,1,0,3,4,,,,,,,
82517,0,3,0,0,0,3,3,,,,,,,
74079,1,4,0,0,0,9,3,,,,,,,
98337,1,2,1,1,1,9,8,,,,,,,
18533,1,1,0,1,0,2,8,,,,,,,
12027,0,1,1,1,1,3,5,,,,,,,
36285,0,4,1,0,1,0,4,,,,,,,
39801,0,5,0,0,0,8,3,,,,,,,
64058,0,1,0,1,0,8,3,,,,,,,
74254,0,2,0,1,0,2,6,,,,,,,
65816,0,1,1,0,1,1,6,,,,,,,
83394,1,5,1,0,1,5,2,,,,,,,
74957,1,2,1,1,1,8,5,,,,,,,
66519,0,2,0,0,0,2,5,,,,,,,
58082,1,1,1,1,1,2,8,,,,,,,
49644,1,2,1,1,1,3,9,,,,,,,
49819,0,3,0,0,0,4,4,,,,,,,
53334,1,5,1,1,1,6,4,,,,,,,
77592,1,4,0,0,0,6,8,,,,,,,
87788,0,1,1,0,1,3,8,,,,,,,
15366,0,2,1,1,1,7,6,,,,,,,
18881,1,2,0,1,0,6,5,,,,,,,
10444,0,1,0,0,0,3,5,,,,,,,
34702,0,2,0,0,0,6,4,,,,,,,
26264,1,2,1,0,1,5,8,,,,,,,
17827,1,0,1,0,1,4,3,,,,,,,
16467,0,1,0,0,0,4,9,,,,,,,
54212,0,2,0,1,0,3,5,,,,,,,
57728,1,0,0,1,0,1,7,,,,,,,
10618,0,5,1,0,1,2,8,,,,,,,
28196,0,2,1,1,1,7,2,,,,,,,
19759,1,4,0,0,0,9,2,,,,,,,
29954,0,0,0,0,0,2,5,,,,,,,
47532,0,3,1,0,1,8,5,,,,,,,
39095,0,2,0,1,0,2,3,,,,,,,
49290,1,4,0,1,0,9,9,,,,,,,
66868,0,0,1,0,1,2,7,,,,,,,
67043,1,3,0,1,0,6,8,,,,,,,
25910,1,2,0,1,0,2,3,,,,,,,
50168,1,0,0,1,0,9,3,,,,,,,
53683,1,0,1,1,1,1,4,,,,,,,
89894,1,4,1,1,1,7,2,,,,,,,
24152,0,1,1,1,1,2,6,,,,,,,
15715,0,0,0,1,0,5,3,,,,,,,
97277,0,3,0,0,0,6,7,,,,,,,
88840,1,2,1,0,1,0,5,,,,,,,
92355,1,3,0,0,0,10,8,,,,,,,
26613,0,1,1,1,1,5,3,,,,,,,
26787,0,2,1,1,1,3,5,,,,,,,
18350,0,5,1,0,1,2,7,,,,,,,
99912,0,1,1,1,1,8,2,,,,,,,
91475,1,5,0,1,0,1,2,,,,,,,
83037,0,0,1,1,1,1,4,,,,,,,
74600,1,2,1,1,1,9,7,,,,,,,
66162,1,2,1,1,1,3,3,,,,,,,
69678,1,2,1,1,1,9,6,,,,,,,
61240,0,4,0,0,0,3,9,,,,,,,
97451,1,4,1,0,1,1,2,,,,,,,
97626,1,2,0,0,0,7,3,,,,,,,
31884,1,2,1,1,1,5,2,,,,,,,
23446,1,4,0,0,0,6,9,,,,,,,
15009,0,1,1,1,1,6,7,,,,,,,
18524,0,1,0,1,0,1,3,,,,,,,
42782,0,4,0,0,0,3,4,,,,,,,
34345,0,1,1,0,1,2,4,,,,,,,
25907,0,5,1,0,1,2,4,,,,,,,
17470,1,0,0,0,0,8,7,,,,,,,
99032,1,4,0,0,0,6,3,,,,,,,
90595,0,5,1,0,1,3,4,,,,,,,
12722,0,2,0,1,0,2,3,,,,,,,
36980,0,3,0,0,0,0,7,,,,,,,
47175,0,4,1,0,1,3,8,,,,,,,
32058,0,0,0,1,0,6,3,,,,,,,
56316,0,3,1,1,1,8,5,,,,,,,
47878,0,4,0,0,0,1,2,,,,,,,
39441,0,0,0,1,0,1,4,,,,,,,
49636,0,4,0,0,0,7,9,,,,,,,
34519,0,5,0,1,0,5,5,,,,,,,
26081,0,2,1,1,1,7,2,,,,,,,
58951,0,5,0,0,0,2,2,,,,,,,
50514,0,5,0,1,0,5,6,,,,,,,
42076,0,3,0,1,0,3,6,,,,,,,
45592,0,1,0,1,0,2,3,,,,,,,
69850,0,5,0,0,0,7,4,,,,,,,
61412,0,4,0,1,0,8,4,,,,,,,
71607,0,0,0,0,0,1,2,,,,,,,
63170,0,3,0,0,0,2,9,,,,,,,
80748,0,2,1,0,1,7,4,,,,,,,
72311,0,2,0,1,0,2,7,,,,,,,
82506,0,2,1,1,1,6,2,,,,,,,
76001,0,1,0,1,0,4,8,,,,,,,
10258,0,0,0,0,0,7,9,,,,,,,
20454,0,0,0,0,0,0,9,,,,,,,
12016,0,1,1,1,1,2,7,,,,,,,
29594,0,2,0,0,0,2,4,,,,,,,
21157,0,2,1,1,1,2,3,,,,,,,
31352,0,1,0,0,0,1,4,,,,,,,
22915,0,3,0,0,0,2,4,,,,,,,
40493,0,4,0,0,0,2,3,,,,,,,
44008,0,2,1,1,1,4,6,,,,,,,
44183,0,3,1,0,1,1,7,,,,,,,
68441,0,3,0,0,0,5,5,,,,,,,
60003,0,3,0,0,0,2,3,,,,,,,
51566,0,4,1,1,1,2,6,,,,,,,
43128,0,1,0,1,0,1,7,,,,,,,
46644,0,1,0,1,0,7,5,,,,,,,
38206,0,2,1,0,1,8,3,,,,,,,
29769,0,0,1,0,1,5,4,,,,,,,
54027,0,5,0,1,0,2,9,,,,,,,
57542,0,4,0,1,0,6,8,,,,,,,
81800,0,5,1,0,1,1,3,,,,,,,
81974,0,2,1,1,1,0,6,,,,,,,
92170,0,3,1,0,1,6,8,,,,,,,
19748,0,4,1,0,1,7,3,,,,,,,
29943,0,2,1,1,1,4,6,,,,,,,
47521,1,3,1,1,1,10,8,,,,,,,
39084,1,4,1,0,1,8,2,,,,,,,
42599,1,2,1,0,1,5,8,,,,,,,
34162,1,4,0,0,0,6,6,,,,,,,
25724,1,5,0,1,0,3,5,,,,,,,
49982,0,1,1,1,1,2,7,,,,,,,
68789,1,0,0,0,0,2,4,,,,,,,
60352,0,3,1,0,1,6,5,,,,,,,
77930,0,2,1,0,1,2,5,,,,,,,
24141,1,4,0,1,0,8,3,,,,,,,
15704,0,1,0,1,0,1,6,,,,,,,
97266,0,1,1,0,1,0,2,,,,,,,
17461,1,4,0,1,0,9,3,,,,,,,
80391,1,1,0,0,0,5,8,,,,,,,
26602,1,4,1,1,1,1,4,,,,,,,
18164,0,1,0,0,0,0,8,,,,,,,
99727,1,0,1,0,1,5,4,,,,,,,
67206,0,0,1,1,1,1,6,,,,,,,
91464,0,5,1,0,1,2,4,,,,,,,
83026,1,3,1,0,1,3,3,,,,,,,
74589,1,0,0,1,0,1,4,,,,,,,
66151,0,1,1,0,1,3,7,,,,,,,
57714,0,4,0,1,0,8,6,,,,,,,
67909,0,5,1,0,1,3,8,,,,,,,
85487,1,1,1,1,1,8,4,,,,,,,
77050,0,5,1,0,1,3,2,,,,,,,
87245,0,0,0,0,0,3,4,,,,,,,
72128,1,1,1,1,1,1,8,,,,,,,
14998,0,1,0,0,0,3,2,,,,,,,
63865,1,5,0,0,0,7,7,,,,,,,
88123,1,2,1,0,1,2,4,,,,,,,
79685,0,2,1,1,1,3,3,,,,,,,
89880,1,2,1,1,1,8,6,,,,,,,
74763,0,1,1,0,1,2,5,,,,,,,
54373,1,2,0,1,0,9,7,,,,,,,
45935,1,5,0,0,0,8,4,,,,,,,
49451,1,4,0,1,0,3,6,,,,,,,
73709,0,3,1,0,1,6,4,,,,,,,
85836,1,0,0,1,0,6,9,,,,,,,
77399,0,2,0,0,0,2,4,,,,,,,
11656,1,4,1,0,1,10,6,,,,,,,
93219,1,4,1,1,1,6,7,,,,,,,
96735,0,1,1,1,1,4,9,,,,,,,
30992,0,2,1,0,1,3,5,,,,,,,
41188,0,1,1,0,1,5,7,,,,,,,
58766,0,2,0,0,0,8,6,,,,,,,
68961,0,4,1,0,1,7,8,,,,,,,
60524,0,1,0,0,0,7,5,,,,,,,
78102,0,3,0,0,0,5,2,,,,,,,
78276,0,4,1,1,1,1,6,,,,,,,
88471,1,4,1,1,1,1,4,,,,,,,
80034,1,1,0,0,0,10,6,,,,,,,
64917,0,2,0,0,0,0,6,,,,,,,
89175,0,4,1,0,1,8,6,,,,,,,
99370,1,2,0,0,0,2,3,,,,,,,
26948,1,1,0,1,0,6,8,,,,,,,
18511,0,1,0,0,0,2,2,,,,,,,
10073,1,5,1,0,1,3,7,,,,,,,
20268,1,2,0,0,0,2,9,,,,,,,
13763,1,1,0,0,0,6,6,,,,,,,
38021,1,2,0,0,0,6,9,,,,,,,
48216,1,4,1,1,1,5,5,,,,,,,
33099,1,3,0,0,0,7,7,,,,,,,
31341,0,5,0,1,0,3,5,,,,,,,
48919,1,3,0,0,0,3,6,,,,,,,
40482,0,3,0,1,0,7,5,,,,,,,
32044,0,5,0,0,0,5,5,,,,,,,
23607,0,4,0,0,0,3,8,,,,,,,
33802,0,3,1,1,1,3,4,,,,,,,
18685,0,2,0,1,0,3,7,,,,,,,
51555,1,2,0,1,0,1,8,,,,,,,
43117,1,1,0,1,0,1,8,,,,,,,
34680,1,3,1,0,1,8,6,,,,,,,
26242,0,2,1,1,0,7,5,,,,,,,
17805,0,3,1,0,1,3,3,,,,,,,
99367,1,1,0,0,0,0,3,,,,,,,
12883,1,1,0,0,0,4,4,,,,,,,
37141,1,5,0,0,0,7,8,,,,,,,
28703,1,1,1,0,1,8,6,,,,,,,
20266,0,3,0,0,0,4,3,,,,,,,
20440,0,4,1,0,1,5,3,,,,,,,
30635,1,2,1,0,1,3,7,,,,,,,
15518,0,4,0,1,0,2,3,,,,,,,
97081,0,4,0,1,0,1,7,,,,,,,
31338,1,1,0,0,0,5,8,,,,,,,
80206,1,1,1,0,1,8,4,,,,,,,
14463,1,1,1,1,1,9,6,,,,,,,
96026,1,1,0,1,0,6,2,,,,,,,
16221,0,1,1,1,1,5,7,,,,,,,
91104,1,3,1,0,1,8,7,,,,,,,
25362,0,5,0,0,0,8,7,,,,,,,
25536,0,3,0,0,0,4,6,,,,,,,
35732,1,0,1,1,1,6,7,,,,,,,
27294,1,1,1,0,1,5,4,,,,,,,
44872,1,3,1,1,1,1,4,,,,,,,
36435,1,3,1,1,1,3,4,,,,,,,
39950,1,1,0,1,0,0,7,,,,,,,
38193,0,2,1,1,1,4,6,,,,,,,
11122,0,5,0,1,0,2,3,,,,,,,
21318,0,2,1,0,1,0,7,,,,,,,
38896,1,1,1,1,1,3,6,,,,,,,
30458,0,0,0,0,0,1,5,,,,,,,
49265,0,0,0,1,0,6,8,,,,,,,
40828,1,2,1,0,1,3,3,,,,,,,
32390,1,4,0,0,0,1,6,,,,,,,
49969,1,1,1,0,1,6,9,,,,,,,
60164,1,1,0,1,0,8,5,,,,,,,
33094,1,4,1,1,1,6,4,,,,,,,
24656,1,3,1,1,1,9,7,,,,,,,
34851,1,3,0,1,0,1,9,,,,,,,
52429,0,2,0,1,0,1,5,,,,,,,
11297,0,0,1,1,1,1,8,,,,,,,
11471,0,0,0,1,0,6,4,,,,,,,
93034,0,2,0,1,0,7,7,,,,,,,
84596,1,0,0,1,0,7,4,,,,,,,
18854,0,1,1,1,1,5,8,,,,,,,
10416,0,1,1,0,1,1,5,,,,,,,
20612,0,4,0,0,0,7,4,,,,,,,
95494,0,3,1,1,1,7,7,,,,,,,
29752,1,4,0,1,0,5,5,,,,,,,
65963,0,1,0,1,0,2,3,,,,,,,
57526,1,1,1,0,1,1,4,,,,,,,
49088,0,2,0,1,0,5,4,,,,,,,
93911,1,2,1,0,1,8,3,,,,,,,
85474,0,3,0,0,0,4,2,,,,,,,
77036,1,4,0,0,0,1,3,,,,,,,
23247,0,3,1,0,1,1,6,,,,,,,
14810,0,1,0,0,0,8,7,,,,,,,
25005,0,3,1,1,1,4,8,,,,,,,
16567,0,2,1,1,1,2,2,,,,,,,
98130,1,4,1,1,1,7,2,,,,,,,
71060,0,1,0,1,0,4,4,,,,,,,
81255,1,2,1,0,1,7,8,,,,,,,
17445,1,0,1,1,1,4,6,,,,,,,
99007,0,1,1,0,1,4,2,,,,,,,
19203,1,4,1,0,1,8,9,,,,,,,
36781,0,3,1,0,1,7,6,,,,,,,
28343,1,3,0,1,0,9,4,,,,,,,
31859,0,5,1,1,1,4,6,,,,,,,
56117,1,0,0,1,0,3,7,,,,,,,
92328,1,3,1,0,1,2,6,,,,,,,
83890,0,1,0,0,0,2,4,,,,,,,
94085,0,4,1,0,1,4,2,,,,,,,
67015,1,1,1,0,1,2,6,,,,,,,
21838,1,4,0,1,0,6,2,,,,,,,
13401,1,2,1,0,1,7,5,,,,,,,
94963,0,4,0,1,0,0,8,,,,,,,
86526,0,1,0,0,0,3,8,,,,,,,
96721,0,2,1,1,1,7,4,,,,,,,
24299,0,2,1,0,1,3,3,,,,,,,
15861,0,0,1,1,1,4,8,,,,,,,
97424,1,2,0,0,0,1,8,,,,,,,
17619,0,4,0,0,0,7,7,,,,,,,
35197,0,5,1,0,1,7,6,,,,,,,
35372,1,3,0,1,0,6,7,,,,,,,
26934,0,4,0,1,0,6,7,,,,,,,
63145,0,5,1,1,1,1,7,,,,,,,
54708,0,4,0,1,0,1,4,,,,,,,
46270,0,1,0,0,0,5,7,,,,,,,
37833,1,1,1,1,1,9,7,,,,,,,
41348,0,3,1,1,1,4,8,,,,,,,
65606,1,3,1,1,1,1,5,,,,,,,
69122,0,4,0,0,0,3,4,,,,,,,
93380,1,4,1,0,1,4,5,,,,,,,
13575,1,2,0,0,0,8,7,,,,,,,
97070,1,3,1,1,1,9,5,,,,,,,
88632,1,2,1,1,1,2,4,,,,,,,
86874,1,1,0,1,0,9,7,,,,,,,
14452,0,2,1,0,1,4,6,,,,,,,
96015,0,0,1,1,1,0,8,,,,,,,
87577,0,2,0,1,0,3,2,,,,,,,
91093,1,2,0,1,0,1,4,,,,,,,
25351,0,2,1,1,1,4,8,,,,,,,
16913,0,4,1,0,1,2,9,,,,,,,
98476,1,2,1,0,1,9,7,,,,,,,
90038,0,3,1,1,1,4,5,,,,,,,
18846,1,4,1,1,1,4,4,,,,,,,
81775,0,3,0,1,0,1,3,,,,,,,
73338,0,5,0,0,0,1,5,,,,,,,
83533,0,4,0,0,0,7,5,,,,,,,
11111,0,4,0,0,0,6,3,,,,,,,
21307,0,4,1,1,1,4,9,,,,,,,
38885,0,5,1,0,1,6,8,,,,,,,
30447,1,3,1,1,1,2,6,,,,,,,
22010,0,0,0,1,0,2,7,,,,,,,
32205,0,3,0,1,0,8,5,,,,,,,
32379,1,4,1,1,1,4,6,,,,,,,
23942,0,5,0,0,0,7,5,,,,,,,
41520,0,5,1,0,1,8,8,,,,,,,
51715,1,3,1,0,1,7,6,,,,,,,
69293,1,2,0,1,0,4,2,,,,,,,
79489,0,1,1,0,1,8,5,,,,,,,
64372,0,4,1,1,1,6,5,,,,,,,
88629,0,1,1,1,1,1,6,,,,,,,
80192,1,4,1,0,1,0,7,,,,,,,
71754,0,1,1,1,1,7,4,,,,,,,
81950,1,5,0,1,0,0,7,,,,,,,
75444,0,5,0,0,0,2,6,,,,,,,
99702,1,2,1,0,1,2,7,,,,,,,
13218,1,1,0,1,0,7,4,,,,,,,
37476,0,1,0,0,0,6,8,,,,,,,
29038,0,1,1,0,1,8,3,,,,,,,
32554,0,2,0,1,0,4,7,,,,,,,
30796,0,4,0,0,0,3,4,,,,,,,
15679,1,3,1,0,1,9,9,,,,,,,
97241,0,4,1,1,1,1,6,,,,,,,
88804,0,3,1,0,1,5,3,,,,,,,
31674,0,3,1,1,1,6,6,,,,,,,
41869,1,4,0,1,0,2,9,,,,,,,
14799,0,4,0,0,0,3,5,,,,,,,
96361,0,4,1,0,1,7,7,,,,,,,
87924,0,4,1,1,1,1,5,,,,,,,
79486,1,1,1,1,1,1,5,,,,,,,
71049,1,5,1,1,1,6,8,,,,,,,
62611,0,3,0,0,0,7,6,,,,,,,
54174,0,2,1,0,1,5,4,,,,,,,
64369,0,5,0,1,0,6,8,,,,,,,
37299,1,2,0,1,0,9,8,,,,,,,
82121,1,1,0,1,0,10,5,,,,,,,
40989,0,4,0,1,0,4,3,,,,,,,
65246,1,4,1,0,1,4,6,,,,,,,
56809,0,0,0,1,0,1,3,,,,,,,
93020,1,2,0,1,0,4,7,,,,,,,
84582,0,0,1,0,1,4,8,,,,,,,
76145,1,1,1,0,1,8,4,,,,,,,
22356,0,3,1,1,1,0,9,,,,,,,
13918,0,2,0,1,0,2,5,,,,,,,
50129,0,3,1,0,1,8,9,,,,,,,
50304,1,0,0,1,0,2,6,,,,,,,
60499,1,2,0,0,0,4,7,,,,,,,
52061,1,1,1,0,1,1,9,,,,,,,
36944,0,3,0,0,0,0,4,,,,,,,
61202,1,1,0,0,0,0,7,,,,,,,
52765,1,2,1,1,1,10,7,,,,,,,
44327,1,1,1,1,1,8,9,,,,,,,
35890,0,2,1,0,1,4,2,,,,,,,
39405,1,4,0,0,0,0,4,,,,,,,
63663,0,0,1,0,1,8,7,,,,,,,
55225,0,3,1,0,1,6,5,,,,,,,
10048,1,2,0,0,0,5,5,,,,,,,
91611,1,2,0,0,0,6,8,,,,,,,
11806,0,2,1,0,1,7,6,,,,,,,
93369,0,3,1,1,1,8,8,,,,,,,
84931,0,5,0,1,0,7,8,,,,,,,
12509,1,5,0,1,0,0,6,,,,,,,
94072,0,2,0,0,0,5,5,,,,,,,
40283,0,1,0,0,0,4,5,,,,,,,
31845,0,3,0,1,0,3,4,,,,,,,
42041,1,4,1,0,1,9,6,,,,,,,
14970,0,3,0,0,0,2,6,,,,,,,
33777,0,4,1,1,1,7,2,,,,,,,
18660,1,4,1,1,1,8,7,,,,,,,
42918,0,1,0,0,0,8,6,,,,,,,
34481,1,1,0,0,0,7,5,,,,,,,
44676,0,2,0,1,0,3,8,,,,,,,
62254,1,1,1,0,1,3,5,,,,,,,
72449,0,0,0,1,0,4,4,,,,,,,
90027,1,1,1,1,1,7,5,,,,,,,
36238,0,3,0,1,0,6,5,,,,,,,
27801,0,1,0,0,0,7,9,,,,,,,
27975,0,4,0,0,0,2,3,,,,,,,
76842,0,1,0,0,0,1,9,,,,,,,
11100,0,3,0,1,0,3,2,,,,,,,
92663,0,2,0,1,0,7,6,,,,,,,
38874,0,4,1,1,1,5,8,,,,,,,
30436,0,2,1,1,1,4,4,,,,,,,
33952,0,4,1,0,1,4,3,,,,,,,
76842,0,3,0,0,0,8,3,,,,,,,
49772,0,3,0,0,0,3,2,,,,,,,
41335,0,3,1,0,1,2,4,,,,,,,
32897,0,5,0,0,0,5,7,,,,,,,
33072,0,3,0,1,0,2,4,,,,,,,
24634,0,3,1,0,1,2,4,,,,,,,
34829,0,4,0,0,0,2,2,,,,,,,
52407,0,2,0,0,0,3,8,,,,,,,
43970,0,4,1,0,1,4,8,,,,,,,
35532,0,5,0,0,0,5,4,,,,,,,
45728,0,3,0,0,0,4,4,,,,,,,
63306,0,4,1,0,1,4,7,,,,,,,
54868,0,2,1,0,1,2,6,,,,,,,
58384,0,2,1,0,1,2,3,,,,,,,
91254,0,0,0,1,0,2,5,,,,,,,
82816,0,4,1,1,1,3,5,,,,,,,
93012,0,0,1,1,1,3,6,,,,,,,
84574,0,2,0,0,0,4,5,,,,,,,
12152,0,4,1,0,1,7,9,,,,,,,
93715,0,3,0,1,0,5,2,,,,,,,
85277,0,2,0,1,0,7,8,,,,,,,
76840,0,3,0,1,0,4,3,,,,,,,
68402,0,4,1,0,1,2,3,,,,,,,
59965,0,5,0,0,0,4,4,,,,,,,
70160,0,1,1,1,1,3,7,,,,,,,
70334,0,4,0,0,0,2,6,,,,,,,
43264,0,4,1,1,1,5,4,,,,,,,
53459,0,3,1,0,1,2,3,,,,,,,
38342,0,5,1,1,1,4,6,,,,,,,
62600,0,2,1,0,1,6,5,,,,,,,
54163,0,1,1,0,1,2,7,,,,,,,
57678,0,5,0,0,0,2,8,,,,,,,
93889,0,3,0,1,0,5,4,,,,,,,
28147,0,2,0,1,0,3,3,,,,,,,
64358,1,2,0,0,0,8,4,,,,,,,
64532,0,2,1,1,1,8,8,,,,,,,
68048,1,3,1,0,1,8,6,,,,,,,
14259,0,4,0,1,0,4,4,,,,,,,
38517,1,3,1,0,1,2,5,,,,,,,
42032,1,5,0,0,0,6,4,,,,,,,
40274,0,5,0,1,0,6,2,,,,,,,
57853,0,1,1,1,1,5,7,,,,,,,
61368,0,4,1,1,1,2,4,,,,,,,
85626,1,3,0,1,0,1,5,,,,,,,
77189,0,2,0,0,0,6,4,,,,,,,
87384,0,3,1,1,1,1,3,,,,,,,
23574,0,2,1,0,1,0,4,,,,,,,
15136,0,5,0,0,0,6,8,,,,,,,
18652,1,4,0,1,0,5,4,,,,,,,
,,,,,,, ,,,,,,,
